Link,Image URL,Title,Price,Area,Timestamp
/ban-mat-bang-nha-xuong-thi-xa-la-gi/can-ban-can-nha-dat-mat-tien-duong-nhua-ton-duc-thang-thi-xa-lagi-binh-thuan-ID4046549,,"Cáº§n bÃ¡n cÄƒn nhÃ , Ä‘áº¥t máº·t tiá»n Ä‘Æ°á»ng nhá»±a tÃ´n Ä‘á»©c tháº¯ng, thá»‹ xÃ£ lagi, bÃ¬nh thuáº­n",14.6 Tá»·,1000 mÂ²,Khoáº£ng 2 Giá» trÆ°á»›c
/cho-thue-cua-hang-van-phong-thai-ha/80m2-cho-thue-tai-nha-vp-9-tang-so-18-thai-ha-ID4041815,https://nhadat24h.net/Upload/User/DangTin/2023/Images/170506/Thumbnai/0361d493-d2df-4ec0-b0f2-78fa2d7f9bef_bthumb.jpg,80m2 cho thuÃª táº¡i nhÃ  vp 9 táº§ng sá»‘ 18 thÃ¡i hÃ ,20 Triá»‡u,80 mÂ²,Khoáº£ng 2 Giá» trÆ°á»›c
/cho-thue-cua-hang-van-phong-quan-ba-dinh/40m2-vp-tai-so-62-duong-doi-yen-phu-gia-8-trieu-thang-lh-0986646169-ID4034510,https://nhadat24h.net/Upload/User/DangTin/2023/Images/170506/Thumbnai/08e593e5-6dd7-4620-98fc-48dd6abd66ab_bthumb.jpg,40m2 vp táº¡i sá»‘ 62 Ä‘Æ°á»ng Ä‘Ã´i yÃªn phá»¥ giÃ¡ 8 triá»‡u thÃ¡ng. lh 0986646169,8 Triá»‡u,40 mÂ²,Khoáº£ng 2 Giá» trÆ°á»›c
/ban-phong-tro-nha-tro-quan-ha-dong/hiem-ccmn-tran-phu-mo-lao-7-tang-thang-may-loi-nhuan-nhinh-1-ty-nam-ID4046477,https://nhadat24h.net/Upload/User/DangTin/2023/Images/505249/Thumbnai/f4a8a02a-f6a6-4fbe-909d-9efa488a6fb3_bthumb.jpg,"Hiáº¿m, ccmn tráº§n phÃº má»— lao, 7 táº§ng thang mÃ¡y, lá»£i nhuáº­n nhá»‰nh 1 tá»·/nÄƒm",Thá»a thuáº­n,112 mÂ²,Khoáº£ng 4 Giá» trÆ°á»›c
/ban-biet-thu-huyen-ha-trung/ban-dat-lien-ke-ha-trung-thanh-hoa-trung-tam-van-hoa-the-thao-ID4032120,https://nhadat24h.net/Upload/User/DangTin/2023/Images/105654/Thumbnai/78c59772-c3f8-4440-abb4-56828f22a67d_bthumb.jpg,BÃ¡n Ä‘áº¥t liá»n ká» hÃ  trung thanh hÃ³a trung tÃ¢m vÄƒn hÃ³a thá»ƒ thao,1.1 Tá»·,90 mÂ²,"28/6/2023, lÃºc: 14 giá» 11 phÃºt"
/ban-dat-tho-cu-kdt-my-phuoc-3/can-tien-ban-gap-dat-my-phuoc-3-binh-duong-gan-cho-ID3834675,https://nhadat24h.net/Upload/User/DangTin/2023/Images/89258/Thumbnai/db9fae21-0518-47b1-8653-7d1f0fa4e100_bthumb.jpg,Cáº§n tiá»n bÃ¡n gáº¥p Ä‘áº¥t má»¹ phÆ°á»›c 3 bÃ¬nh dÆ°Æ¡ng gáº§n chá»£,3 Tá»·,300 mÂ²,Khoáº£ng 15 Giá» trÆ°á»›c
/ban-dat-tho-cu-quan-ha-dong/phan-lo-van-phu-ha-dong-7-tang-thang-may-view-truong-hoc-ID4045815,https://nhadat24h.net/Upload/User/DangTin/2023/Images/360542/Thumbnai/209c3c1b-0795-4b75-91af-df02d52d83b9_bthumb.jpg,"PhÃ¢n lÃ´ vÄƒn phÃº hÃ  Ä‘Ã´ng, 7 táº§ng, thang mÃ¡y, view trÆ°á»ng há»c",9.52 Tá»·,50 mÂ²,Khoáº£ng 10 Giá» trÆ°á»›c
/ban-phong-tro-nha-tro-huyen-thanh-tri/hang-tuyen-ccmn-trieu-khuc-56m-8-tang-19pkk-nhinh-9-ty-ID4046330,https://nhadat24h.net/Upload/User/DangTin/2023/Images/505249/Thumbnai/de5dbe42-0a53-444d-8af7-eebf440a7402_bthumb.jpg,"HÃ ng tuyá»ƒn, ccmn triá»u khÃºc, 56m, 8 táº§ng, 19pkk, nhá»‰nh 9 tá»·",9.12 Tá»·,56 mÂ²,Khoáº£ng 4 Giá» trÆ°á»›c
/cho-thue-mat-bang-nha-xuong-quan-bac-tu-liem/chinh-chu-cho-thue-van-phong-toa-nha-2-tang-tai-so-9-thuy-phuong-bac-tl-ID4039149,https://nhadat24h.net/Upload/User/DangTin/2023/Images/515811/Thumbnai/3fd4e304-b773-4e71-8e5b-04a8c62e67b5_bthumb.jpg,ChÃ­nh chá»§ cho thuÃª vÄƒn phÃ²ng tÃ²a nhÃ  2 táº§ng táº¡i sá»‘ 9 thá»¥y phÆ°Æ¡ng báº¯c tl,2.25 Triá»‡u,30 mÂ²,"19/6/2023, lÃºc: 12 giá» 1 phÃºt"
/ban-dat-tho-cu-thi-xa-ben-cat/qua-my-dinh-cu-ban-gap-lo-dat-480m2-24x20m-chi-700tr-doi-dien-cho-tien-kd-ID4022417,https://nhadat24h.net/Upload/User/DangTin/2023/Images/156109/Thumbnai/768877f3-65a5-4427-82b5-04d7ac383233_bthumb.jpeg,Qua má»¹ Ä‘á»‹nh cÆ° bÃ¡n gáº¥p lÃ´ Ä‘áº¥t 480m2 24x20m chá»‰ 700tr Ä‘á»‘i diá»‡n chá»£ tiá»‡n kd,260 Triá»‡u,480 mÂ²,22 PhÃºt trÆ°á»›c.
/ban-dat-tho-cu-kdt-my-phuoc-3/gd-can-ban-2-day-nha-tro-300m2-10x30m-va-lo-dat-200m2-10x20m-shr-dan-dong-ga-ID3944538,https://nhadat24h.net/Upload/User/DangTin/2022/Images/440131/Thumbnai/5380c2e7-4523-4b8e-b9cf-03954c752d62_bthumb.jpg,GÄ‘ cáº§n bÃ¡n 2 dÃ£y nhÃ  trá» 300m2 10x30m vÃ  lÃ´ Ä‘áº¥t 200m2 10x20m shr dÃ¢n Ä‘Ã´ng gáº§,880 Triá»‡u,300 mÂ²,Khoáº£ng 5 Giá» trÆ°á»›c
/ban-lien-ke-di-an-binh-duong/dau-tu-nha-pho-tai-vi-tri-tiem-nang-di-an-binh-duong-chi-tu-1ty5-ID4046621,https://nhadat24h.net/Upload/User/DangTin/2023/Images/517133/Thumbnai/5de08a04-ed96-4d24-bc47-a17c45e806dc_bthumb.jpg,Äáº§u tÆ° nhÃ  phá»‘ táº¡i vá»‹ trÃ­ tiá»m nÄƒng dÄ© an bÃ¬nh dÆ°Æ¡ng chá»‰ tá»« 1ty5,800 Tá»·,60 mÂ²,"27/6/2023, lÃºc: 14 giá» 1 phÃºt"
/ban-dat-tho-cu-thi-xa-ben-cat/no-nh-ban-gap-150m2-lo-dat-ngay-truong-dh-viet-duc-ID4010115,https://nhadat24h.net/Upload/User/DangTin/2022/Images/89258/Thumbnai/9e38d0ff-7f56-4770-9fd3-72dd5ff300b4_bthumb.jpg,Ná»£ nh bÃ¡n gáº¥p 150m2 lÃ´ Ä‘Ã¢t ngay trÆ°á»ng Ä‘h viá»‡t Ä‘á»©c,1.7 Tá»·,150 mÂ²,Khoáº£ng 15 Giá» trÆ°á»›c
/ban-cua-hang-van-phong-chung-cu-usilk-city/chinh-chu-ban-gap-san-tttm-toa-103-usilk-city-giua-trung-tam-ID3977491,https://nhadat24h.net/Upload/User/DangTin/2022/Images/105654/Thumbnai/688444d0-e74f-4c63-a323-a8e9c4e063ba_bthumb.jpg,ChÃ­nh chá»§ bÃ¡n gáº¥p sÃ n tttm toÃ  103 usilk city giá»¯a trung tÃ¢m,1.8 Tá»·,50 mÂ²,"28/6/2023, lÃºc: 14 giá» 11 phÃºt"
/ban-dat-tho-cu-kdt-my-phuoc-3/ban-dat-tho-cu-dat-cap-giay-phep-xay-dung-tu-do-dat-tai-thoi-hoa-sat-ql13-ID4047270,https://nhadat24h.net/Upload/User/DangTin/2023/Images/287433/Thumbnai/0bafc725-6979-4e64-9b6d-ec91609a9848_bthumb.jpg,"BÃ¡n Ä‘áº¥t thá»• cÆ°,Ä‘áº¥t cáº¥p giáº¥y phÃ©p xÃ¢y dá»±ng tá»± do,Ä‘áº¥t táº¡i thá»›i hÃ²a sÃ¡t ql13",900 Triá»‡u,100 mÂ²,Khoáº£ng 5 Giá» trÆ°á»›c
/cho-thue-cua-hang-van-phong-quan-thanh-xuan/cho-thue-115m2-san-tang-3-4-tai-pho-le-trong-tan-gia-15-trieu-thang-ID4044963,https://nhadat24h.net/Upload/User/DangTin/2023/Images/170506/Thumbnai/31434a5d-2585-4d31-82a8-3b97f41ba286_bthumb.jpg,"Cho thuÃª 115m2/sÃ n táº§ng 3 & 4 táº¡i phá»‘ lÃª trá»ng táº¥n, giÃ¡ 15 triá»‡u/thÃ¡ng",15 Triá»‡u,115 mÂ²,Khoáº£ng 11 Giá» trÆ°á»›c
/ban-lien-ke-downtown-luong-son/ban-gap-lk4-downtown-luong-son-duong-16m-doi-dien-vuon-hoa-ID3951835,,BÃ¡n gáº¥p lk4 downtown lÆ°Æ¡ng sÆ¡n Ä‘Æ°á»ng 16m Ä‘á»‘i diá»‡n vÆ°á»n hoa,2.8 Tá»·,98.5 mÂ²,"28/6/2023, lÃºc: 14 giá» 13 phÃºt"
/ban-phong-tro-nha-tro-kdt-my-phuoc-3/toi-chinh-chu-can-tra-no-toi-ban-gap-can-nha-tro-ngay-khu-cong-nghiep-mp3-ID3914037,https://nhadat24h.net/Upload/User/DangTin/2023/Images/287433/Thumbnai/da96d04f-f0d7-4a80-a5c9-dc630b23e34a_bthumb.jpg,TÃ´i chÃ­nh chá»§ cáº§n tráº£ ná»£ tÃ´i bÃ¡n gáº¥p cÄƒn nhÃ  trá» ngay khu cÃ´ng nghiá»‡p mp3,1.98 Tá»·,300 mÂ²,Khoáº£ng 5 Giá» trÆ°á»›c
/ban-nha-mat-pho-thanh-pho-thu-duc/-nha-tot-mua-ngay-chinh-chu-can-ban-can-nha-mat-tien-duong-le-thi-hoa-phuong-binh-chieu-ID4047408,https://img.nhadat24h.net/2023/Images/516093/Thumbnai/IMG_11688220445699_bthumb.jpg,"ğŸğŸğŸ NHÃ€ Tá»T MUA NGAY!  ğŸ·ğŸºChÃ­nh chá»§ cáº§n bÃ¡n cÄƒn nhÃ  máº·t tiá»n Ä‘Æ°á»ng LÃª thá»‹ Hoa, phÆ°á»ng BÃ¬nh Chiá»ƒu",10.5 Tá»·,120 mÂ²,7 PhÃºt trÆ°á»›c.
/ban-dat-tho-cu-tp-bien-hoa/ban-nha-dat-dt-102m2-tho-cu-100-so-daydu-ID4047407,,BÃ¡n nhÃ  Ä‘áº¥t dt 102m2 thá»• cÆ° 100 sá»• Ä‘áº§yÄ‘á»§,2.5 Tá»·,102 mÂ²,16 PhÃºt trÆ°á»›c.
/ban-nha-trong-ngo-tren-3m-quan-cau-giay/ban-nha-5-tang-nguyen-van-huyen-cau-giay-phan-lo-o-to-2-thoang-gia-14-ty--ID4047405,https://nhadat24h.net/Upload/User/DangTin/2023/Images/409607/Thumbnai/72667dd5-3289-4930-89b7-f8d4db66c2e4_bthumb.jpg,BÃ¡n nhÃ  5 táº§ng nguyá»…n vÄƒn huyÃªn cáº§u giáº¥y- phÃ¢n lÃ´- Ã´ tÃ´- 2 thoÃ¡ng- giÃ¡ 14 tá»·.,14 Tá»·,55 mÂ²,Khoáº£ng 3 Giá» trÆ°á»›c
/ban-nha-trong-ngo-tren-3m-binh-gia/b-225-n-nh-224-1t1l-m-7899-i-100-ch-432-a-7903-273-7889-i-di-7879-n-khu-t-225-i-273-7883-nh-c-432-ph-432-7901-ng-10-v-361-ng-t-224-u-ID4047404,,"BÃ¡n nhÃ  1t1l má»›i 100% chÆ°a á»Ÿ, Ä‘á»‘i diá»‡n khu tÃ¡i",1.65 Tá»·,55 mÂ²,Khoáº£ng 3 Giá» trÆ°á»›c
/ban-dat-tho-cu-binh-gia/b-225-n-l-244-273-7845-t-m-7863-t-ti-7873-n-273-432-7901-ng-b-7901-k-234-nh-273-7889-i-di-7879-n-khu-t-225-i-273-7883-nh-c-432-ph-432-7901-ng-10-v-361-ng-t-224--ID4047403,,"BÃ¡n lÃ´ Ä‘áº¥t máº·t tiá»n Ä‘Æ°á»ng bá» kÃªnh, Ä‘",2.47 Tá»·,80 mÂ²,Khoáº£ng 3 Giá» trÆ°á»›c
/ban-nha-trong-ngo-tren-3m-quan-11/nha-dep-tai-trung-tam-quan-11-lac-long-quan-4x11-5-ID4047402,https://nhadat24h.net/Upload/User/DangTin/2023/Images/517431/Thumbnai/6846d52d-1871-430a-b739-89bde021b9fe_bthumb.jpg,NhÃ  Ä‘áº¹p táº¡i trung tÃ¢m quáº­n 11  - láº¡c long quÃ¢n - 4x11.5,10.3 Tá»·,45 mÂ²,Khoáº£ng 3 Giá» trÆ°á»›c
/ban-nha-trong-ngo-tren-3m-quan-hai-ba-trung/-hang-xom-dai-hoc-ban-nha-tran-dai-nghia-33mÂ²-x-5t-mt-5m-gia-3-5ty-nha-moi--ID4047401,https://nhadat24h.net/Upload/User/DangTin/2023/Images/513874/Thumbnai/834f9636-47c8-4b85-b89c-d59d27d1f8f7_bthumb.jpg,"(hÃ ng xÃ³m Ä‘áº¡i há»c) bÃ¡n nhÃ  tráº§n Ä‘áº¡i nghÄ©a 33mÂ² x 5t, mt 5m giÃ¡ 3,5tá»· (nhÃ  má»›i)",3.5 Tá»·,34 mÂ²,Khoáº£ng 3 Giá» trÆ°á»›c
/ban-nha-mat-pho-quan-11/ban-nha-tai-trung-tam-quan-11-lac-long-quan-4x11-5--ID4047400,,BÃ¡n nhÃ  táº¡i trung tÃ¢m quáº­n 11 - láº¡c long quÃ¢n - 4x11.5 -,10.3 Tá»·,45 mÂ²,Khoáº£ng 3 Giá» trÆ°á»›c
/ban-dat-tho-cu-quoc-lo-3/110m-tho-cu-phuc-loc-uy-no-dong-anh-ID4047399,https://img.nhadat24h.net/2023/Images/517430/Thumbnai/IMG_11688206848189_bthumb.png,110m thá»• cÆ° - PhÃºc Lá»™c - Uy Ná»— - ÄÃ´ng Anh,6.05 Tá»·,110 mÂ²,Khoáº£ng 3 Giá» trÆ°á»›c
/ban-nha-trong-ngo-tren-3m-quan-tan-binh/ban-nha-hem-xe-hoi-duong-pham-phu-thu-tan-binh-chi-6-x-ty-dt-70m2-ngang-4--ID4047398,,BÃ¡n nhÃ  háº»m xe hÆ¡i Ä‘Æ°á»ng pháº¡m phÃº thá»© - tÃ¢n bÃ¬nh chá»‰ 6.x tá»· - dt 70m2  ngang 4.,6.8 Tá»·,70 mÂ²,Khoáº£ng 3 Giá» trÆ°á»›c
/cho-thue-chung-cu-tp-bien-hoa/cho-thue-can-ho-2pn-topaz-twins-p-thong-nhat-gia-12-trieu-ngay-bv-ito-ID4047382,https://nhadat24h.net/Upload/User/DangTin/2023/Images/342733/Thumbnai/db7e9ae8-4f05-40bf-af5c-cc70c9077a22_bthumb.jpg,Cho thuÃª cÄƒn há»™ 2pn topaz twins p. thá»‘ng nháº¥t giÃ¡ 12 triá»‡u ngay bv ito,12 Triá»‡u,77 mÂ²,Khoáº£ng 5 Giá» trÆ°á»›c
/cho-thue-chung-cu-tp-bien-hoa/cho-thue-can-ho-48m2-topaz-twins-p-thong-nhat-bien-hoa-full-nt-7-trieu-ID4047378,https://nhadat24h.net/Upload/User/DangTin/2023/Images/342733/Thumbnai/5f5ecf9d-4f88-4a47-94e6-8dea1fb51152_bthumb.jpg,Cho thuÃª cÄƒn há»™ 48m2 topaz twins p.thá»‘ng nháº¥t biÃªn hÃ²a full nt 7 triá»‡u,7 Triá»‡u,48 mÂ²,Khoáº£ng 6 Giá» trÆ°á»›c
/cho-thue-chung-cu-tp-bien-hoa/cho-thue-can-ho-2pn-ngay-cau-dong-nai-kcn-bien-hoa-2-gia-4-trieu-ID4047376,https://nhadat24h.net/Upload/User/DangTin/2023/Images/342733/Thumbnai/84c93214-4a79-4ffd-a61a-34dab519d791_bthumb.jpg,Cho thuÃª cÄƒn há»™ 2pn ngay cáº§u Ä‘á»“ng nai kcn biÃªn hÃ²a 2 giÃ¡ 4 triá»‡u,4 Triá»‡u,55 mÂ²,Khoáº£ng 6 Giá» trÆ°á»›c
/cho-thue-chung-cu-tp-bien-hoa/cho-thue-can-ho-1pn-ngay-cau-dong-nai-nga-3-vung-tau-gia-3-5-trieu-ID4047373,https://nhadat24h.net/Upload/User/DangTin/2023/Images/342733/Thumbnai/41fcfb86-f424-433a-a1c5-0d3e64fd0745_bthumb.jpg,Cho thuÃª cÄƒn há»™ 1pn ngay cáº§u Ä‘á»“ng nai ngÃ£ 3 vÅ©ng tÃ u giÃ¡ 3.5 triá»‡u,3.5 Triá»‡u,46 mÂ²,Khoáº£ng 6 Giá» trÆ°á»›c
/cho-thue-chung-cu-tp-bien-hoa/cho-thue-can-ho-62m2-2pn-ngay-bv-ito-vo-thi-sau-full-noi-that-8-trieu-ID4047368,https://nhadat24h.net/Upload/User/DangTin/2023/Images/342733/Thumbnai/8f6c07ea-9171-467a-baf2-a6f49bfa6773_bthumb.jpg,Cho thuÃª cÄƒn há»™ 62m2 2pn ngay bv ito vÃµ thá»‹ sÃ¡u full ná»™i tháº¥t 8 triá»‡u,8 Triá»‡u,62 mÂ²,Khoáº£ng 7 Giá» trÆ°á»›c
/cho-thue-chung-cu-nguyen-luong-bang-broad-way-/ascentia-c-259-n-h-7897-ch-7845-t-l-432-7907-ng-cao-nh-7845-t-khu-nam-ph-250-m-7929-h-432-ng-qu-7853-n-7-dt-77-m2--ID4047352,,Ascentia cÄƒn há»™ cháº¥t lÆ°á»£ng cao nháº¥t khu nam phÃº má»¹ h,26 Triá»‡u,77 mÂ²,Khoáº£ng 10 Giá» trÆ°á»›c
/cho-thue-chung-cu-pham-van-nghi-h-2108-/cho-thu-234-c-259-n-h-7897-sang-tr-7885-ng-sky-garden-3-56-m2-2-ph-242-ng-ng-7911-gi-225-10-ID4047346,,Cho thuÃª cÄƒn há»™ sang trá»ng sky garden 3 - 56 m2 ( 2 phÃ²ng ngá»§ ) - g,10 Triá»‡u,56 mÂ²,Khoáº£ng 10 Giá» trÆ°á»›c
/cho-thue-nha-mat-pho-bien-hoa/cho-thu-234-nh-224-1-tr-7879-t-2-l-7847-u-g-211-c-m-7862-t-ti-7872-n-273-432-7901-ng-ph-7840-m-v-258-n-thu-7852-n-cung-273-432-7901-ng-th-7900-i-ID4047336,,Cho thuÃª nhÃ  1 trá»‡t 2 láº§u gÃ“c máº¶t tiá»€n Ä‘Æ°á»ng,100 Triá»‡u,360 mÂ²,Khoáº£ng 11 Giá» trÆ°á»›c
/cho-thue-nha-trong-ngo-tren-3m-thanh-pho-da-lat/cho-thue-nha-nguyen-can-tai-da-lat-o-lau-dai-ID4047331,https://nhadat24h.net/Upload/User/DangTin/2023/Images/464928/Thumbnai/d34f163d-07af-423f-80f7-9cb4f4b62c33_bthumb.jpg,Cho thuÃª nhÃ  nguyÃªn cÄƒn táº¡i Ä‘Ã  láº¡t á»Ÿ lÃ¢u dÃ i,7 Triá»‡u,100 mÂ²,Khoáº£ng 11 Giá» trÆ°á»›c
/cho-thue-nha-trong-ngo-tren-3m-quan-binh-thuy/cho-thue-nha-5-phong-ngu-hem-86-cmt8-gia-5-trieu-ID4047299,https://nhadat24h.net/Upload/User/DangTin/2023/Images/302603/Thumbnai/9a5e13ee-c856-43c2-9a0b-2578b138061e_bthumb.jpg,Cho thuÃª nhÃ  5 phÃ²ng ngá»§ háº»m 86 cmt8 giÃ¡ 5 triá»‡u,5 Triá»‡u,72 mÂ²,Khoáº£ng 14 Giá» trÆ°á»›c
